jsonno,:apitype:__notification__,:apitype:certificate,:apitype:crypto,:apitype:exception,:apitype:file,:apitype:misc,:apitype:netapi,:apitype:network,:apitype:ole,:apitype:process,:apitype:registry,:apitype:resource,:apitype:services,:apitype:synchronisation,:apitype:system,:apitype:ui,:count:apitype,:count:dns,:count:extrasig,:count:file:created,:count:file:deleted,:count:file:moved,:count:file:opened,:count:file:read,:count:file:written,:count:hosts,:count:http,:count:mutex,:count:reg:open,:count:reg:read,:count:reg:write,:count:tcp,:count:udp,:count:wapi,:dimp::dimp:ADVAPI32.DLL,:dimp::dimp:ADVAPI32.dll,:dimp::dimp:API-MS-WIN-Service-Management-L1-1-0.dll,:dimp::dimp:API-MS-WIN-Service-Management-L2-1-0.dll,:dimp::dimp:API-MS-WIN-Service-winsvc-L1-1-0.dll,:dimp::dimp:API-MS-Win-Core-LocalRegistry-L1-1-0.dll,:dimp::dimp:API-MS-Win-Security-LSALookup-L1-1-0.dll,:dimp::dimp:API-MS-Win-Security-SDDL-L1-1-0.dll,:dimp::dimp:Advapi32.dll,:dimp::dimp:C:\Windows\SysWOW64\bcryptprimitives.dll,:dimp::dimp:C:\Windows\SysWOW64\oleaut32.dll,:dimp::dimp:C:\Windows\System32\mswsock.dll,:dimp::dimp:C:\Windows\System32\winrnr.dll,:dimp::dimp:C:\Windows\System32\wshtcpip.dll,:dimp::dimp:C:\Windows\WinSxS\x86_microsoft.windows.gdiplus_6595b64144ccf1df_1.1.7600.16385_none_72fc7cbf861225ca\gdiplus.dll,:dimp::dimp:C:\Windows\system32\IMM32.DLL,:dimp::dimp:C:\Windows\system32\NLAapi.dll,:dimp::dimp:C:\Windows\system32\VB6CHS.DLL,:dimp::dimp:C:\Windows\system32\kernel32.dll,:dimp::dimp:C:\Windows\system32\mswsock.dll,:dimp::dimp:C:\Windows\system32\napinsp.dll,:dimp::dimp:C:\Windows\system32\ole32.dll,:dimp::dimp:C:\Windows\system32\pnrpnsp.dll,:dimp::dimp:C:\Windows\system32\uxtheme.dll,:dimp::dimp:CFGMGR32.dll,:dimp::dimp:COMCTL32.DLL,:dimp::dimp:COMCTL32.dll,:dimp::dimp:CRYPT32.dll,:dimp::dimp:CRYPTSP.dll,:dimp::dimp:DNSAPI.dll,:dimp::dimp:GDI32.dll,:dimp::dimp:IMM32.DLL,:dimp::dimp:IPHLPAPI.DLL,:dimp::dimp:KERNEL32.DLL,:dimp::dimp:KERNEL32.dll,:dimp::dimp:Kernel32.dll,:dimp::dimp:MLANG.dll,:dimp::dimp:MSVCRT.dll,:dimp::dimp:NETAPI32.DLL,:dimp::dimp:NETAPI32.dll,:dimp::dimp:NTDLL.DLL,:dimp::dimp:OLEAUT32.DLL,:dimp::dimp:OLEAUT32.dll,:dimp::dimp:PROPSYS.dll,:dimp::dimp:PSAPI.DLL,:dimp::dimp:RASMAN.DLL,:dimp::dimp:RPCRT4.dll,:dimp::dimp:SAMLIB.dll,:dimp::dimp:SETUPAPI.dll,:dimp::dimp:SHELL32.dll,:dimp::dimp:SHFOLDER,:dimp::dimp:SHLWAPI.dll,:dimp::dimp:SXS.DLL,:dimp::dimp:Shell32.dll,:dimp::dimp:SspiCli.dll,:dimp::dimp:USER32.dll,:dimp::dimp:USERENV.dll,:dimp::dimp:UxTheme.dll,:dimp::dimp:VERSION.dll,:dimp::dimp:WINHTTP.dll,:dimp::dimp:WININET.dll,:dimp::dimp:WINTRUST.dll,:dimp::dimp:WS2_32.dll,:dimp::dimp:advapi32,:dimp::dimp:advapi32.dll,:dimp::dimp:apphelp.dll,:dimp::dimp:comctl32,:dimp::dimp:comctl32.dll,:dimp::dimp:cryptnet.dll,:dimp::dimp:dwmapi.dll,:dimp::dimp:gdi32.dll,:dimp::dimp:gdiplus.dll,:dimp::dimp:imm32.dll,:dimp::dimp:kernel32,:dimp::dimp:kernel32.dll,:dimp::dimp:msvcrt.dll,:dimp::dimp:ncrypt.dll,:dimp::dimp:ntdll,:dimp::dimp:ntdll.dll,:dimp::dimp:ntmarta.dll,:dimp::dimp:ole32.dll,:dimp::dimp:oleaut32.dll,:dimp::dimp:peerdist.dll,:dimp::dimp:profapi.dll,:dimp::dimp:psapi.dll,:dimp::dimp:rpcrt4.dll,:dimp::dimp:rtutils.dll,:dimp::dimp:setupapi.dll,:dimp::dimp:shell32,:dimp::dimp:shell32.dll,:dimp::dimp:shlwapi.dll,:dimp::dimp:urlmon.dll,:dimp::dimp:user32.dll,:dimp::dimp:winhttp.dll,:dimp::dimp:wininet.dll,:dimp::dimp:ws2_32.dll,:signature:allocates_execute_remote_process,:signature:allocates_rwx,:signature:antiav_detectfile,:signature:antiav_detectreg,:signature:antiav_servicestop,:signature:antisandbox_foregroundwindows,:signature:antisandbox_idletime,:signature:antisandbox_restart,:signature:antisandbox_sleep,:signature:antivirus_virustotal,:signature:antivm_generic_disk,:signature:antivm_memory_available,:signature:antivm_network_adapters,:signature:antivm_queries_computername,:signature:antivm_vbox_devices,:signature:antivm_vbox_files,:signature:antivm_vbox_keys,:signature:antivm_vmware_in_instruction,:signature:av_detect_china_key,:signature:banker_zeus_p2p,:signature:bootkit,:signature:browser_security,:signature:bypass_firewall,:signature:checks_debugger,:signature:console_output,:signature:creates_hidden_file,:signature:creates_largekey,:signature:creates_service,:signature:creates_shortcut,:signature:dead_host,:signature:deletes_executed_files,:signature:disables_proxy,:signature:disables_security,:signature:disables_system_restore,:signature:dns_freehosting_domain,:signature:dropper,:signature:dumped_buffer,:signature:dumped_buffer2,:signature:dyreza,:signature:exe_appdata,:signature:generates_crypto_key,:signature:has_pdb,:signature:infostealer_ftp,:signature:infostealer_keylogger,:signature:infostealer_mail,:signature:injection_createremotethread,:signature:injection_modifies_memory,:signature:injection_network_trafic,:signature:injection_ntsetcontextthread,:signature:injection_process_search,:signature:injection_queueapcthread,:signature:injection_resumethread,:signature:injection_runpe,:signature:injection_write_memory,:signature:injection_write_memory_exe,:signature:locates_sniffer,:signature:memdump_tor_urls,:signature:memdump_urls,:signature:modifies_certificates,:signature:modifies_security_center_warnings,:signature:multiple_useragents,:signature:network_bind,:signature:network_cnc_http,:signature:network_http,:signature:network_http_post,:signature:network_icmp,:signature:network_irc,:signature:network_tor,:signature:network_torgateway,:signature:nolookup_communication,:signature:origin_langid,:signature:p2p_cnc,:signature:packer_entropy,:signature:packer_upx,:signature:pe_features,:signature:pe_unknown_resource_name,:signature:peid_packer,:signature:persistence_autorun,:signature:privilege_luid_check,:signature:process_interest,:signature:process_needed,:signature:protection_rx,:signature:queries_programs,:signature:raises_exception,:signature:ransomware_appends_extensions,:signature:ransomware_dropped_files,:signature:ransomware_file_moves,:signature:ransomware_files,:signature:ransomware_message,:signature:ransomware_shadowcopy,:signature:reads_user_agent,:signature:recon_checkip,:signature:recon_fingerprint,:signature:recon_programs,:signature:removes_zoneid_ads,:signature:stealth_hiddenfile,:signature:stealth_system_procname,:signature:stealth_window,:signature:stops_service,:signature:suspicious_command_tools,:signature:suspicious_process,:signature:suspicious_tld,:signature:sweetorange_mutexes,:signature:terminates_remote_process,:signature:upatre,:signature:uses_windows_utilities,:signature:vir_napolar,:win:CertControlStore,:win:CertOpenStore,:win:CertOpenSystemStoreA,:win:CoCreateInstance,:win:CoGetClassObject,:win:CoInitializeEx,:win:CoInitializeSecurity,:win:CoUninitialize,:win:ControlService,:win:CopyFileA,:win:CopyFileW,:win:CreateActCtxW,:win:CreateDirectoryW,:win:CreateProcessInternalW,:win:CreateRemoteThread,:win:CreateServiceA,:win:CreateThread,:win:CreateToolhelp32Snapshot,:win:CryptAcquireContextA,:win:CryptAcquireContextW,:win:CryptCreateHash,:win:CryptDecodeObjectEx,:win:CryptDecrypt,:win:CryptExportKey,:win:CryptHashData,:win:CryptUnprotectData,:win:DecryptMessage,:win:DeleteFileW,:win:DeleteUrlCacheEntryA,:win:DeviceIoControl,:win:DnsQuery_A,:win:DrawTextExW,:win:EncryptMessage,:win:EnumWindows,:win:FindFirstFileExW,:win:FindResourceA,:win:FindResourceExA,:win:FindResourceExW,:win:FindResourceW,:win:FindWindowA,:win:FindWindowW,:win:GetAdaptersAddresses,:win:GetAdaptersInfo,:win:GetAddrInfoW,:win:GetAsyncKeyState,:win:GetBestInterfaceEx,:win:GetComputerNameA,:win:GetComputerNameW,:win:GetCursorPos,:win:GetFileAttributesExW,:win:GetFileAttributesW,:win:GetFileInformationByHandle,:win:GetFileInformationByHandleEx,:win:GetFileSize,:win:GetFileSizeEx,:win:GetFileType,:win:GetFileVersionInfoExW,:win:GetFileVersionInfoSizeExW,:win:GetFileVersionInfoSizeW,:win:GetFileVersionInfoW,:win:GetForegroundWindow,:win:GetKeyState,:win:GetNativeSystemInfo,:win:GetShortPathNameW,:win:GetSystemDirectoryA,:win:GetSystemDirectoryW,:win:GetSystemInfo,:win:GetSystemMetrics,:win:GetSystemTimeAsFileTime,:win:GetSystemWindowsDirectoryA,:win:GetSystemWindowsDirectoryW,:win:GetTempPathW,:win:GetTimeZoneInformation,:win:GetUserNameA,:win:GetUserNameW,:win:GetVolumeNameForVolumeMountPointW,:win:GetVolumePathNameW,:win:GetVolumePathNamesForVolumeNameW,:win:GlobalMemoryStatus,:win:GlobalMemoryStatusEx,:win:HttpOpenRequestA,:win:HttpSendRequestA,:win:InternetCloseHandle,:win:InternetConnectA,:win:InternetCrackUrlA,:win:InternetOpenA,:win:InternetOpenUrlA,:win:InternetOpenUrlW,:win:InternetOpenW,:win:InternetReadFile,:win:InternetSetOptionA,:win:InternetWriteFile,:win:IsDebuggerPresent,:win:LdrGetDllHandle,:win:LdrGetProcedureAddress,:win:LdrLoadDll,:win:LdrUnloadDll,:win:LoadResource,:win:LoadStringA,:win:LoadStringW,:win:LookupAccountSidW,:win:LookupPrivilegeValueW,:win:Module32FirstW,:win:Module32NextW,:win:MoveFileWithProgressW,:win:NetShareEnum,:win:NetUserGetInfo,:win:NtAllocateVirtualMemory,:win:NtClose,:win:NtCreateFile,:win:NtCreateKey,:win:NtCreateMutant,:win:NtCreateSection,:win:NtCreateThreadEx,:win:NtDelayExecution,:win:NtDeleteFile,:win:NtDeleteValueKey,:win:NtDeviceIoControlFile,:win:NtDuplicateObject,:win:NtEnumerateKey,:win:NtEnumerateValueKey,:win:NtFreeVirtualMemory,:win:NtGetContextThread,:win:NtMapViewOfSection,:win:NtOpenDirectoryObject,:win:NtOpenFile,:win:NtOpenKey,:win:NtOpenKeyEx,:win:NtOpenMutant,:win:NtOpenProcess,:win:NtOpenSection,:win:NtOpenThread,:win:NtProtectVirtualMemory,:win:NtQueryAttributesFile,:win:NtQueryDirectoryFile,:win:NtQueryInformationFile,:win:NtQueryKey,:win:NtQuerySystemInformation,:win:NtQueryValueKey,:win:NtQueueApcThread,:win:NtReadFile,:win:NtResumeThread,:win:NtSetContextThread,:win:NtSetInformationFile,:win:NtSetValueKey,:win:NtShutdownSystem,:win:NtSuspendThread,:win:NtTerminateProcess,:win:NtUnmapViewOfSection,:win:NtWriteFile,:win:NtWriteVirtualMemory,:win:ObtainUserAgentString,:win:OleInitialize,:win:OpenSCManagerA,:win:OpenSCManagerW,:win:OpenServiceA,:win:OpenServiceW,:win:OutputDebugStringA,:win:PRF,:win:Process32FirstW,:win:Process32NextW,:win:ReadProcessMemory,:win:RegCloseKey,:win:RegCreateKeyExA,:win:RegCreateKeyExW,:win:RegDeleteKeyA,:win:RegDeleteValueA,:win:RegDeleteValueW,:win:RegEnumKeyExA,:win:RegEnumKeyExW,:win:RegEnumKeyW,:win:RegEnumValueA,:win:RegEnumValueW,:win:RegOpenKeyExA,:win:RegOpenKeyExW,:win:RegQueryInfoKeyA,:win:RegQueryInfoKeyW,:win:RegQueryValueExA,:win:RegQueryValueExW,:win:RegSetValueExA,:win:RegSetValueExW,:win:RemoveDirectoryA,:win:RemoveDirectoryW,:win:RtlAddVectoredContinueHandler,:win:RtlDecompressBuffer,:win:SHGetFolderPathW,:win:SHGetSpecialFolderLocation,:win:SearchPathW,:win:SendNotifyMessageW,:win:SetEndOfFile,:win:SetErrorMode,:win:SetFileAttributesW,:win:SetFileInformationByHandle,:win:SetFilePointer,:win:SetFilePointerEx,:win:SetFileTime,:win:SetStdHandle,:win:SetUnhandledExceptionFilter,:win:SetWindowsHookExA,:win:SetWindowsHookExW,:win:ShellExecuteExW,:win:SizeofResource,:win:StartServiceA,:win:Thread32First,:win:Thread32Next,:win:UnhookWindowsHookEx,:win:UuidCreate,:win:WSAConnect,:win:WSARecv,:win:WSARecvFrom,:win:WSASend,:win:WSASocketW,:win:WSAStartup,:win:WriteConsoleA,:win:WriteConsoleW,:win:WriteProcessMemory,:win:__exception__,:win:accept,:win:bind,:win:closesocket,:win:connect,:win:getaddrinfo,:win:gethostbyname,:win:getsockname,:win:ioctlsocket,:win:listen,:win:recv,:win:select,:win:send,:win:sendto,:win:setsockopt,:win:shutdown,:win:socket,:win:timeGetTime,Class
1.json,0,11,42,18,4032,1316,0,259,6,1596,11032,0,32,225,1777584,0,12,83,21,1,2,0,13,3,2,100,403,0,52,186,1,63,18,79,1,1,1,1,1,1,1,1,1,1,1,1,1,1,1,1,1,1,1,1,1,1,1,1,1,1,1,1,1,1,1,1,1,1,1,1,1,1,1,1,1,1,1,1,1,1,1,1,1,1,1,1,1,1,1,1,1,1,1,1,1,1,1,1,1,1,1,1,1,1,1,1,1,1,1,1,1,1,1,1,1,1,1,1,1,1,1,1,1,1,1,1,1,1,1,1,0,1,0,0,0,0,0,0,0,1,0,0,0,0,0,0,0,0,0,0,0,0,0,0,1,0,0,0,0,1,1,0,0,0,0,1,0,0,0,1,0,0,1,0,1,0,0,0,0,0,0,0,0,0,0,0,0,0,0,0,0,0,1,1,1,1,0,0,0,1,0,1,1,0,1,0,0,0,1,0,0,0,0,0,0,0,0,0,0,0,0,0,0,1,0,0,0,1,0,0,0,0,0,0,0,1,0,0,0,1,1,0,0,0,0,0,0,0,0,0,1,0,0,0,0,0,0,0,0,0,0,0,1,0,1,0,0,0,0,0,0,5,0,0,0,0,0,0,0,0,0,0,0,0,0,0,0,2,0,0,1,0,3,0,0,1,1,0,0,1,0,0,0,1,0,1,0,1,1,0,1,1,1,1,2,0,0,0,0,0,0,2,0,0,0,0,0,0,0,0,3,11,8,2,0,0,0,0,3,0,0,0,0,0,3,5,4,1,0,1,0,1,0,0,0,2,0,0,4,0,1,0,2,3,5,1,0,1,1,3,3,5,1,2,0,2,0,2,0,0,2,1,0,0,1,2,1,0,1,1,0,1,0,1,0,1,0,0,0,5,1,0,0,0,0,3,0,0,0,0,3,3,0,0,5,3,0,0,0,0,0,0,5,0,0,0,0,2,0,0,3,0,1,0,1,0,0,1,0,1,0,0,0,1,0,0,0,0,0,1,0,2,0,0,0,0,1,0,0,1,0,0,0,0,0,0,0,0,0,1,0,1
10.json,0,0,36,0,2872,18784,78,14,1200,1897,65688,56,16,17715,27036,1032,13,96,14,2,0,0,80,28,3,115,493,2,131,2610,9,76,19,94,1,1,1,1,1,1,1,1,1,1,1,1,1,1,1,1,1,1,1,1,1,1,1,1,1,1,1,1,1,1,1,1,1,1,1,1,1,1,1,1,1,1,1,1,1,1,1,1,1,1,1,1,1,1,1,1,1,1,1,1,1,1,1,1,1,1,1,1,1,1,1,1,1,1,1,1,1,1,1,1,1,1,1,1,1,1,1,1,1,1,1,1,1,1,1,1,0,0,0,0,0,1,0,0,0,1,0,1,0,1,0,0,0,0,0,0,0,0,0,1,0,0,0,0,1,1,0,0,0,0,0,1,0,0,0,0,0,0,0,0,0,0,0,0,0,0,0,0,0,0,0,0,0,0,0,0,0,0,0,0,0,1,0,0,0,1,0,1,0,0,1,0,0,1,0,0,0,0,0,0,0,0,0,0,0,0,0,0,0,0,0,1,0,0,0,0,0,0,0,0,0,0,0,0,0,0,3,0,4,0,4,0,0,0,1,1,1,0,0,2,0,0,0,0,0,0,0,0,0,0,0,0,1,0,3,0,1,0,0,0,1,1,0,1,0,0,0,0,0,1,1,4,2,3,1,3,0,3,0,0,0,1,0,5,7,1,2,0,2,1,7,5,0,2,0,1,0,0,2,0,2,0,1,0,0,0,0,0,0,0,0,0,0,0,0,1,2,4,3,2,1,0,3,2,0,0,0,0,1,2,4,6,4,1,1,2,1,5,0,0,0,2,0,4,3,0,3,0,3,3,6,1,3,2,0,1,1,4,2,6,1,7,0,3,1,0,1,1,0,0,1,3,1,0,0,0,0,1,0,1,0,1,0,0,0,5,0,2,0,0,0,0,0,4,0,2,0,5,0,0,0,5,0,2,0,0,0,0,4,0,0,1,0,2,1,0,0,0,1,0,0,0,0,0,1,0,0,0,0,0,0,0,0,0,0,1,0,0,0,0,0,0,0,0,0,0,0,0,0,0,0,0,0,0,0,0,0,1
100.json,144,0,0,18,92492,40596,0,8582,126,42448,22464,128,48,18975,42444,11448,13,9,40,3,1,0,40,18,4,20,6,6,53,134,2,11,6,121,1,1,1,1,1,1,1,1,1,1,1,1,1,1,1,1,1,1,1,1,1,1,1,1,1,1,1,1,1,1,1,1,1,1,1,1,1,1,1,1,1,1,1,1,1,1,1,1,1,1,1,1,1,1,1,1,1,1,1,1,1,1,1,1,1,1,1,1,1,1,1,1,1,1,1,1,1,1,1,1,1,1,1,1,1,1,1,1,1,1,1,1,1,1,1,1,1,1,0,0,0,1,0,0,1,1,0,1,0,1,0,0,0,1,1,0,0,0,0,1,1,0,0,1,1,1,0,0,0,0,0,0,1,1,0,1,0,1,0,1,0,1,1,0,0,0,0,1,1,1,0,0,0,0,0,0,0,0,1,1,1,0,0,0,0,1,0,1,1,0,0,1,0,1,1,1,0,0,1,1,0,0,0,0,0,0,0,0,0,1,0,0,0,1,0,0,1,0,0,0,0,1,0,0,0,0,2,0,2,0,2,0,1,0,1,1,1,1,1,3,2,0,0,0,0,0,0,0,0,0,1,0,4,0,7,0,1,2,1,0,1,1,0,4,0,0,0,0,0,2,0,5,0,2,1,2,1,2,8,0,0,0,0,6,7,1,0,0,1,2,8,5,0,2,0,1,0,0,1,0,2,0,3,0,0,0,0,0,0,0,0,0,0,0,0,2,5,6,3,2,1,0,4,1,2,0,0,0,0,0,4,6,4,0,3,1,1,5,0,0,2,2,0,1,3,1,1,0,2,4,5,0,2,0,5,3,0,3,2,6,1,4,0,6,3,0,1,0,0,3,2,2,8,0,1,0,1,0,1,0,1,0,1,3,0,5,0,0,0,0,0,3,0,1,2,0,4,5,2,0,4,5,1,0,0,0,0,1,4,0,0,0,0,1,0,0,1,6,0,1,1,0,1,1,1,1,2,7,1,0,0,0,0,0,0,1,3,0,3,2,4,0,4,0,1,0,0,0,0,4,5,5,0,0,4,0,0,1
101.json,0,0,126,9,2884,60,0,5159,9129,16835,36952,32,16,5820,20034,2,13,24,32,10,4,0,35,17,7,32,17,6,357,2305,18,21,6,128,1,1,1,1,1,1,1,1,1,1,1,1,1,1,1,1,1,1,1,1,1,1,1,1,1,1,1,1,1,1,1,1,1,1,1,1,1,1,1,1,1,1,1,1,1,1,1,1,1,1,1,1,1,1,1,1,1,1,1,1,1,1,1,1,1,1,1,1,1,1,1,1,1,1,1,1,1,1,1,1,1,1,1,1,1,1,1,1,1,1,1,1,1,1,1,1,1,1,0,0,0,0,0,0,0,1,0,1,0,1,0,0,0,0,0,0,0,0,0,0,1,0,0,0,0,1,0,1,0,1,0,1,1,1,0,1,0,0,0,0,0,0,0,0,1,0,1,1,1,1,1,0,0,0,0,0,0,0,1,1,1,0,0,0,0,1,0,1,0,0,1,0,0,1,1,0,0,0,0,0,0,0,0,0,0,1,1,0,0,0,0,0,1,0,0,1,0,0,0,1,0,0,0,0,0,0,6,0,6,1,6,0,0,0,1,2,1,0,0,1,0,0,2,2,0,0,0,2,0,0,1,1,0,0,0,0,0,4,0,0,1,0,0,0,0,0,0,0,0,1,1,0,1,3,0,2,1,2,1,0,0,1,1,0,0,1,0,0,1,1,0,5,0,2,1,0,1,1,1,0,2,0,1,2,0,3,2,2,2,0,0,0,5,2,2,0,3,5,4,3,1,0,1,1,1,0,0,0,0,0,6,7,4,2,2,2,0,2,1,0,3,2,2,2,6,1,2,1,2,3,5,1,2,2,0,2,1,4,2,3,1,5,1,4,1,1,1,2,0,0,2,2,3,0,2,1,1,0,1,0,0,0,0,0,2,5,2,0,0,1,2,0,0,4,0,0,3,5,0,0,3,7,1,1,1,0,0,1,0,0,0,0,0,2,1,1,2,1,1,0,1,0,0,0,0,0,0,0,0,0,0,0,0,0,0,0,0,1,1,0,0,2,2,2,3,0,2,2,0,2,2,2,0,3,0,2,0,1
102.json,0,0,0,45,79908,124,0,693,33,12306,9824,144,24,5010,12666,100,12,28,43,4,4,0,10,4,3,32,16,8,179,241,20,21,7,112,1,1,1,1,1,1,1,1,1,1,1,1,1,1,1,1,1,1,1,1,1,1,1,1,1,1,1,1,1,1,1,1,1,1,1,1,1,1,1,1,1,1,1,1,1,1,1,1,1,1,1,1,1,1,1,1,1,1,1,1,1,1,1,1,1,1,1,1,1,1,1,1,1,1,1,1,1,1,1,1,1,1,1,1,1,1,1,1,1,1,1,1,1,1,1,1,1,1,0,0,1,0,0,1,1,1,0,1,0,1,0,0,0,0,0,1,0,0,1,0,1,1,0,0,0,1,0,0,1,0,0,0,1,1,0,0,0,1,0,0,0,0,1,0,1,1,0,1,1,1,0,0,0,1,0,1,0,0,1,1,1,1,0,0,0,1,0,1,1,0,1,1,0,1,1,0,1,1,0,0,0,0,0,0,0,0,0,0,0,0,1,0,0,1,1,1,1,0,0,0,0,0,0,0,0,0,1,0,1,0,1,1,1,0,1,2,1,1,0,3,2,0,0,0,0,0,0,0,0,0,1,0,0,0,1,0,0,2,0,0,2,0,0,0,0,0,0,0,0,1,0,1,1,2,0,0,1,0,2,0,0,0,0,1,0,2,0,1,2,2,2,3,2,2,1,0,1,1,1,0,2,0,1,0,0,0,0,0,0,0,0,0,0,0,0,0,4,6,4,2,0,2,2,0,2,0,0,0,0,0,5,5,3,0,4,2,0,4,0,0,1,2,1,2,5,1,2,1,3,3,2,3,2,2,0,3,0,0,3,0,1,3,0,2,1,1,0,0,1,0,2,2,9,0,0,1,1,0,1,0,1,0,2,5,1,5,2,0,0,1,2,0,2,1,0,1,4,5,0,1,3,4,4,1,0,0,0,5,2,0,0,0,0,2,1,0,0,0,0,0,1,0,0,1,0,0,0,0,0,0,0,0,0,0,0,1,0,1,2,0,0,0,2,2,0,2,0,2,0,1,3,2,0,0,0,2,0,1
103.json,16,0,126,9,4060,52,0,189,9021,6363,12840,0,24,15075,72288,0,12,18,31,2,1,0,8,1,1,27,10,6,77,94,18,14,6,92,1,1,1,1,1,1,1,1,1,1,1,1,1,1,1,1,1,1,1,1,1,1,1,1,1,1,1,1,1,1,1,1,1,1,1,1,1,1,1,1,1,1,1,1,1,1,1,1,1,1,1,1,1,1,1,1,1,1,1,1,1,1,1,1,1,1,1,1,1,1,1,1,1,1,1,1,1,1,1,1,1,1,1,1,1,1,1,1,1,1,1,1,1,1,1,1,0,1,0,1,0,0,0,0,0,1,0,1,0,1,0,0,0,0,0,0,0,0,0,0,1,0,0,0,0,1,0,1,0,1,0,0,1,1,0,1,0,0,0,0,0,0,0,0,0,0,1,1,0,0,0,0,0,0,0,0,0,0,1,1,1,0,0,0,0,1,1,1,1,0,0,1,1,1,1,0,0,0,0,1,0,0,0,0,0,1,1,0,0,0,0,0,1,0,0,1,0,0,0,1,0,0,0,0,0,0,6,0,6,1,6,0,0,0,0,0,1,0,0,1,0,0,2,2,0,0,0,2,0,0,0,0,0,0,0,0,1,2,0,0,0,0,0,0,0,0,0,0,0,1,1,0,0,1,0,0,1,0,1,0,0,1,1,0,0,0,0,0,1,1,0,3,0,6,0,0,1,1,0,0,0,0,1,1,0,1,1,1,1,0,0,0,0,1,0,0,2,7,6,6,0,0,0,1,1,0,0,0,0,0,5,7,2,2,6,1,0,1,1,0,2,2,2,2,5,0,2,1,1,6,3,1,1,1,0,2,0,0,1,2,1,4,1,1,1,0,1,2,0,0,2,1,1,0,1,0,1,0,1,0,0,0,0,0,2,4,1,0,0,1,2,0,0,0,0,0,2,4,0,0,2,3,1,1,0,0,0,1,0,0,0,0,0,0,1,0,0,0,1,0,1,0,0,0,0,0,0,0,0,0,0,0,0,0,0,0,0,1,0,1,0,0,0,0,1,0,0,0,0,0,0,0,0,0,0,0,0,1
104.json,0,0,0,9,520264,92,0,0,9,41496,5048,48,0,375,12078,762,10,15,26,2,0,0,5,2,2,26,7,0,7,15,2,14,6,66,1,1,1,1,1,1,1,1,1,1,1,1,1,1,1,1,1,1,1,1,1,1,1,1,1,1,1,1,1,1,1,1,1,1,1,1,1,1,1,1,1,1,1,1,1,1,1,1,1,1,1,1,1,1,1,1,1,1,1,1,1,1,1,1,1,1,1,1,1,1,1,1,1,1,1,1,1,1,1,1,1,1,1,1,1,1,1,1,1,1,1,1,1,1,1,1,1,1,0,0,0,0,0,0,1,1,0,1,0,0,0,0,0,0,1,0,0,0,0,1,0,0,0,0,0,1,0,0,0,0,0,0,1,1,0,1,0,1,0,0,0,1,1,0,0,0,0,0,0,1,0,0,0,0,0,0,0,0,1,1,1,0,0,0,0,1,0,1,1,0,0,0,1,1,1,1,0,0,0,0,0,0,0,0,0,0,0,0,0,0,0,0,0,0,0,0,1,0,0,0,0,0,0,0,0,0,0,0,0,0,1,0,0,0,0,1,1,1,0,0,2,0,0,0,0,0,0,0,0,0,0,0,0,0,0,0,0,1,1,0,0,0,0,4,0,0,0,0,0,0,0,0,0,0,0,0,1,0,0,0,0,0,0,0,6,0,0,0,0,2,2,1,0,1,1,0,0,0,0,0,0,0,2,0,0,0,0,0,0,0,0,0,0,0,0,1,3,5,3,1,1,0,4,0,1,0,0,0,0,0,3,5,2,0,0,1,1,2,0,0,0,2,0,0,4,0,1,0,1,2,1,0,2,0,4,3,0,0,2,0,1,2,0,1,1,0,1,0,0,0,1,4,10,0,0,1,0,0,0,0,0,0,1,3,0,4,1,0,0,0,0,0,0,0,0,0,1,4,0,0,2,4,1,0,0,0,0,1,1,0,0,0,0,1,0,0,0,0,0,0,1,0,0,0,1,0,2,7,0,0,0,0,0,0,0,0,0,0,2,0,0,0,0,0,0,0,0,0,0,0,0,0,0,0,0,0,0,1
105.json,0,638,2526,9,4624,64,0,4368,9183,10514,45456,96,16,8265,27360,340,14,37,35,17,6,0,46,25,14,35,23,6,360,2372,20,28,6,149,1,1,1,1,1,1,1,1,1,1,1,1,1,1,1,1,1,1,1,1,1,1,1,1,1,1,1,1,1,1,1,1,1,1,1,1,1,1,1,1,1,1,1,1,1,1,1,1,1,1,1,1,1,1,1,1,1,1,1,1,1,1,1,1,1,1,1,1,1,1,1,1,1,1,1,1,1,1,1,1,1,1,1,1,1,1,1,1,1,1,1,1,1,1,1,1,1,1,0,0,0,0,0,0,0,1,0,1,1,1,0,0,0,0,0,0,0,0,0,0,1,0,0,0,0,1,0,1,0,1,0,1,1,1,0,1,0,0,0,0,0,0,0,0,1,0,1,1,1,1,1,0,0,0,1,0,0,0,1,1,1,0,1,0,0,1,0,1,0,0,1,0,0,1,1,0,0,0,0,0,0,0,0,0,0,1,1,0,0,0,0,0,1,0,0,1,0,0,0,1,0,0,0,2,3,0,6,0,6,1,6,0,0,0,1,2,1,0,0,2,0,1,2,2,5,0,0,2,0,1,1,1,0,0,0,1,0,4,1,0,1,0,0,0,3,0,2,0,2,1,1,0,1,3,0,2,2,2,1,0,0,1,1,0,0,1,1,0,2,1,0,5,0,2,1,0,1,1,2,0,2,0,1,2,0,3,2,2,2,0,0,0,3,3,2,0,3,5,4,3,1,0,4,1,1,0,0,0,0,0,5,7,4,2,2,2,0,2,1,1,4,2,3,3,6,1,2,1,3,4,5,1,2,2,1,2,1,4,2,3,1,6,1,4,2,1,1,2,0,0,2,2,3,0,3,1,1,0,1,0,0,2,0,0,2,5,2,1,0,1,2,0,0,4,0,0,3,5,0,0,3,7,1,1,1,0,0,1,0,0,0,0,2,2,1,0,3,1,1,0,1,0,0,0,1,0,0,0,0,1,0,2,0,1,1,2,0,1,1,0,0,2,2,2,3,0,2,3,0,3,2,2,0,3,0,2,0,1
106.json,0,0,108,18,632,208,0,1211,9057,729869,16784,112,16,3045,18324,66,13,24,28,3,1,0,10,1,2,27,23,6,211,541,18,21,6,119,1,1,1,1,1,1,1,1,1,1,1,1,1,1,1,1,1,1,1,1,1,1,1,1,1,1,1,1,1,1,1,1,1,1,1,1,1,1,1,1,1,1,1,1,1,1,1,1,1,1,1,1,1,1,1,1,1,1,1,1,1,1,1,1,1,1,1,1,1,1,1,1,1,1,1,1,1,1,1,1,1,1,1,1,1,1,1,1,1,1,1,1,1,1,1,1,0,1,0,0,0,0,0,0,0,1,0,1,0,1,0,0,0,0,0,0,0,0,0,1,1,0,0,0,0,1,0,1,0,1,0,0,1,1,0,1,0,1,0,0,0,0,0,0,0,0,1,1,0,0,0,0,0,0,0,0,0,0,1,1,1,0,0,0,0,1,0,1,1,0,0,0,0,1,1,0,0,0,0,0,0,0,0,0,0,1,1,0,0,0,0,0,1,0,0,1,0,0,0,1,0,0,0,0,0,0,6,0,6,1,6,0,0,0,1,0,1,0,0,1,0,0,1,1,0,0,0,1,0,0,0,0,0,0,1,0,0,4,0,0,2,0,0,1,0,0,0,0,0,1,1,0,1,1,0,0,1,0,1,0,0,1,1,1,0,0,0,0,1,1,3,4,0,1,0,0,1,1,0,0,0,0,1,2,0,2,2,2,2,0,0,0,2,2,2,1,3,5,3,2,0,2,2,1,1,0,0,0,0,0,5,7,2,2,2,10,1,2,1,0,2,2,2,2,5,0,2,1,1,4,4,1,1,2,0,3,0,0,1,2,3,5,1,1,1,0,1,2,0,0,2,1,1,0,2,0,1,0,1,0,0,0,0,0,2,4,2,0,0,1,2,0,3,3,0,0,2,5,0,0,3,5,1,1,0,0,0,2,0,0,0,0,0,0,1,1,0,0,1,0,1,0,0,0,0,0,0,0,0,0,0,0,0,0,0,1,0,1,0,0,0,1,1,1,2,0,1,2,1,1,1,1,0,2,0,1,1,1
107.json,0,0,2472,36,32512,5776,0,714,111,195090,14048,16,48,8535,173712,6,13,25,37,211,3,1426,727,718,926,35,13,5,279,614,19,20,6,129,1,1,1,1,1,1,1,1,1,1,1,1,1,1,1,1,1,1,1,1,1,1,1,1,1,1,1,1,1,1,1,1,1,1,1,1,1,1,1,1,1,1,1,1,1,1,1,1,1,1,1,1,1,1,1,1,1,1,1,1,1,1,1,1,1,1,1,1,1,1,1,1,1,1,1,1,1,1,1,1,1,1,1,1,1,1,1,1,1,1,1,1,1,1,1,1,0,1,0,0,0,0,0,0,0,1,0,0,1,0,0,0,0,0,0,0,0,0,0,0,1,0,0,0,0,1,0,0,0,0,0,0,1,1,1,1,0,0,0,0,0,0,0,0,0,1,0,1,0,0,0,0,0,0,0,0,1,0,1,1,1,0,0,0,1,1,1,1,0,0,0,1,1,1,1,0,0,0,0,0,1,1,1,1,1,1,0,1,0,0,1,0,0,1,0,1,1,1,0,0,1,1,0,0,0,0,2,0,2,1,2,0,0,1,1,0,1,0,0,2,1,4,1,0,2,4,0,0,0,0,1,1,0,0,0,0,1,4,0,0,1,0,0,0,2,0,1,0,2,0,0,0,0,6,0,1,5,1,1,0,0,0,0,1,0,1,1,0,1,1,6,2,0,2,0,0,0,1,2,0,2,1,0,2,2,2,2,0,1,0,1,1,1,0,0,0,6,6,4,3,1,0,1,0,1,1,3,5,0,0,7,9,6,0,2,5,0,5,0,0,4,2,0,0,4,0,5,1,2,2,1,0,9,1,1,2,0,4,1,2,6,2,0,5,1,0,2,0,0,0,2,5,7,0,0,1,1,1,1,1,0,1,1,3,2,5,2,2,0,0,2,1,2,2,0,1,3,5,0,1,3,5,2,2,0,0,0,1,2,0,0,0,1,2,0,0,5,0,0,1,1,0,0,1,0,0,1,6,0,1,0,1,0,1,1,1,0,1,0,0,0,1,0,0,1,0,1,0,0,0,0,0,0,1,0,0,0,1
108.json,0,0,0,9,424,80,0,196,33,31374,6176,64,0,300,793302,838,11,14,25,2,0,0,5,2,2,27,11,0,13,20,2,15,6,74,1,1,1,1,1,1,1,1,1,1,1,1,1,1,1,1,1,1,1,1,1,1,1,1,1,1,1,1,1,1,1,1,1,1,1,1,1,1,1,1,1,1,1,1,1,1,1,1,1,1,1,1,1,1,1,1,1,1,1,1,1,1,1,1,1,1,1,1,1,1,1,1,1,1,1,1,1,1,1,1,1,1,1,1,1,1,1,1,1,1,1,1,1,1,1,1,1,1,0,0,0,0,0,0,1,1,0,1,1,0,0,0,0,0,1,0,0,0,0,0,0,0,0,0,0,1,0,0,0,0,0,0,1,1,0,1,0,0,0,0,0,1,1,0,0,0,0,0,0,1,0,0,0,0,0,0,0,0,1,1,1,0,0,0,0,1,0,1,1,0,0,1,0,1,1,1,0,0,0,0,0,0,0,0,0,0,0,0,0,0,0,0,0,0,0,0,1,0,0,0,0,0,0,0,0,0,0,0,1,0,1,0,0,0,0,1,1,1,0,0,2,0,0,0,0,0,0,0,0,0,0,0,0,0,0,0,0,1,1,0,1,0,0,4,2,0,0,0,2,0,0,0,0,0,0,0,1,0,0,0,0,0,0,0,6,0,0,0,0,1,2,1,0,1,1,0,0,0,0,0,0,1,2,0,0,0,0,0,0,0,0,0,0,0,0,0,4,5,3,2,1,0,4,0,1,0,0,0,0,0,3,5,2,0,0,1,1,2,0,0,3,2,0,0,4,0,1,0,1,2,1,0,2,0,4,3,0,0,2,0,1,2,0,1,1,0,1,0,0,0,1,4,2,0,0,1,0,0,0,0,10,0,1,3,0,5,1,0,0,0,0,0,1,0,0,0,2,4,0,0,3,4,1,0,0,0,0,1,1,0,0,0,0,1,0,0,0,0,0,0,1,0,0,0,1,0,1,7,0,0,0,0,0,0,0,1,0,0,2,0,0,0,0,0,0,0,0,0,0,0,0,0,0,0,0,0,0,1
109.json,0,0,12,63,8040,220,0,119,105,110705,10600,16,32,4815,79842,6,13,13,35,35,3,410,217,210,242,22,7,2,214,585,16,13,6,108,1,1,1,1,1,1,1,1,1,1,1,1,1,1,1,1,1,1,1,1,1,1,1,1,1,1,1,1,1,1,1,1,1,1,1,1,1,1,1,1,1,1,1,1,1,1,1,1,1,1,1,1,1,1,1,1,1,1,1,1,1,1,1,1,1,1,1,1,1,1,1,1,1,1,1,1,1,1,1,1,1,1,1,1,1,1,1,1,1,1,1,1,1,1,1,1,1,0,0,0,0,0,0,0,0,1,0,0,0,0,0,0,0,0,0,0,0,0,0,1,1,0,0,0,0,1,0,0,0,0,0,0,1,1,0,1,0,0,0,0,0,0,0,0,1,1,0,1,1,1,0,0,1,1,0,0,1,0,1,1,1,0,0,0,0,1,0,1,1,0,0,0,0,1,1,0,0,0,0,0,1,1,1,1,0,1,0,1,0,0,1,0,0,1,0,1,1,0,0,0,0,1,0,0,0,0,2,0,2,1,1,0,0,1,1,0,1,0,0,1,1,0,1,0,0,0,0,0,0,0,1,0,0,0,0,0,0,3,0,0,1,0,0,0,0,0,0,0,0,0,0,0,0,2,0,1,4,1,1,0,0,0,0,1,0,1,1,0,1,1,3,3,0,2,0,0,0,0,2,0,2,1,0,1,1,1,1,0,1,0,1,1,1,0,0,1,4,5,3,2,1,0,1,0,1,1,3,4,0,0,7,8,5,0,2,5,0,5,0,0,1,2,0,0,3,1,5,1,1,2,1,0,8,1,1,0,0,3,1,2,5,2,0,4,1,1,1,0,0,0,2,5,5,0,0,1,1,0,1,0,0,0,1,3,2,4,1,2,0,0,0,0,0,2,0,1,1,5,0,1,3,5,2,1,0,0,0,0,2,0,0,0,0,2,0,0,4,0,0,1,2,0,0,1,0,0,1,6,0,1,0,0,0,0,0,0,0,1,2,0,0,0,0,0,1,0,0,0,0,0,0,0,0,0,0,0,0,1
11.json,1696,0,36,36,3132,13932,78,107107,1143,34020,102312,1872,16,45870,27756,792,15,83,34,7,2,0,74,28,7,126,418,2,427,2646,19,69,32,133,1,1,1,1,1,1,1,1,1,1,1,1,1,1,1,1,1,1,1,1,1,1,1,1,1,1,1,1,1,1,1,1,1,1,1,1,1,1,1,1,1,1,1,1,1,1,1,1,1,1,1,1,1,1,1,1,1,1,1,1,1,1,1,1,1,1,1,1,1,1,1,1,1,1,1,1,1,1,1,1,1,1,1,1,1,1,1,1,1,1,1,1,1,1,1,1,1,1,0,0,0,1,0,0,1,1,0,1,0,1,0,0,0,0,0,0,0,0,0,1,0,0,1,0,1,1,1,0,0,0,0,0,1,0,0,1,0,0,0,1,0,0,1,0,1,1,0,1,1,1,1,0,0,0,0,0,0,0,1,1,1,1,0,0,0,1,0,1,0,0,0,0,0,1,0,0,0,0,0,1,0,0,0,0,0,0,0,0,0,0,0,1,0,1,0,0,1,0,0,0,0,1,0,0,0,0,3,0,4,0,4,0,0,0,1,1,2,0,0,4,1,0,0,0,0,0,0,0,0,0,1,0,1,0,2,0,1,3,3,0,0,0,1,1,0,0,0,0,0,2,1,4,2,3,1,3,1,3,1,1,1,1,0,5,6,1,2,0,2,1,7,6,0,2,1,1,0,0,2,0,2,0,1,0,0,0,0,0,0,0,0,0,0,0,0,1,4,5,4,3,3,0,2,2,0,0,0,0,1,2,5,6,4,6,2,3,1,6,0,0,2,3,0,4,4,1,4,0,3,4,6,1,3,3,1,7,1,4,2,7,1,6,0,3,1,1,1,2,0,0,2,3,3,0,0,0,0,1,0,1,0,1,1,4,0,6,0,5,0,0,0,0,0,4,0,3,1,6,0,1,2,7,5,2,0,0,0,0,3,0,0,1,0,3,2,0,1,1,1,1,1,0,1,0,3,0,0,0,1,0,0,0,1,0,1,1,0,0,2,4,0,1,1,1,1,5,0,8,1,0,0,0,2,1,1,2,0,1
110.json,128,0,0,9,53024,19736,0,0,0,462,48,1176,0,45,420,0,9,14,11,0,0,0,2,0,0,19,7,0,2,2,0,13,6,28,1,1,1,1,1,1,1,1,1,1,1,1,1,1,1,1,1,1,1,1,1,1,1,1,1,1,1,1,1,1,1,1,1,1,1,1,1,1,1,1,1,1,1,1,1,1,1,1,1,1,1,1,1,1,1,1,1,1,1,1,1,1,1,1,1,1,1,1,1,1,1,1,1,1,1,1,1,1,1,1,1,1,1,1,1,1,1,1,1,1,1,1,1,1,1,1,0,1,0,0,0,0,0,0,0,1,0,0,0,0,0,0,0,0,0,0,0,0,0,0,0,0,0,0,0,1,0,0,0,0,0,0,0,0,0,0,0,0,0,0,0,0,0,0,0,0,0,0,0,0,0,0,0,0,0,0,0,0,1,1,1,0,0,0,0,1,0,1,0,0,0,1,0,0,0,1,0,0,0,1,0,0,0,0,0,0,0,0,0,0,0,0,0,0,0,0,0,0,0,0,0,0,0,0,0,0,0,0,0,0,0,0,0,0,0,0,0,0,0,0,1,0,0,0,0,0,0,0,0,0,0,0,0,0,0,0,0,0,3,0,0,0,0,0,0,0,0,0,0,0,0,7,0,0,0,0,0,0,0,0,0,0,0,0,0,0,0,0,0,1,0,1,0,0,0,0,0,0,0,0,0,0,0,0,0,0,0,0,0,0,0,0,0,0,0,0,2,2,2,0,3,0,0,0,0,0,0,0,0,0,3,2,0,0,0,0,0,1,0,0,0,0,0,0,2,0,0,0,2,0,0,0,0,0,0,2,0,8,1,0,0,0,0,0,0,0,0,0,0,0,0,0,0,0,0,0,0,0,0,0,0,0,1,2,0,1,0,0,0,0,0,0,0,0,0,0,1,1,0,0,1,1,0,0,0,0,0,0,0,0,0,0,0,1,0,0,0,0,0,0,1,0,0,0,3,0,0,0,0,0,0,0,0,0,0,0,0,0,0,2,0,0,0,0,0,0,0,0,0,0,0,0,0,0,0,0,0,1
111.json,0,0,42,9,340,40,0,10199,6,76853,632,0,0,70575,7038,8,11,13,15,3,0,0,7,3,4,26,6,0,13,17,3,13,6,80,1,1,1,1,1,1,1,1,1,1,1,1,1,1,1,1,1,1,1,1,1,1,1,1,1,1,1,1,1,1,1,1,1,1,1,1,1,1,1,1,1,1,1,1,1,1,1,1,1,1,1,1,1,1,1,1,1,1,1,1,1,1,1,1,1,1,1,1,1,1,1,1,1,1,1,1,1,1,1,1,1,1,1,1,1,1,1,1,1,1,1,1,1,1,1,1,0,0,0,0,0,0,0,0,0,1,0,1,0,1,0,0,0,0,0,0,0,0,0,0,0,0,0,0,0,1,0,0,0,0,0,0,0,0,0,0,0,0,0,0,0,0,0,0,0,1,0,0,0,0,0,0,0,0,0,0,0,1,1,1,1,0,0,1,0,1,0,1,1,1,0,0,0,1,0,0,0,0,0,0,0,0,0,0,0,0,0,0,0,0,0,0,0,0,0,0,0,0,0,0,0,0,0,0,0,0,0,0,1,0,1,0,0,0,0,1,0,0,0,1,1,1,1,0,0,0,0,0,0,0,0,0,0,0,0,0,0,2,0,0,0,0,0,0,0,0,0,0,0,0,1,0,0,1,0,0,1,0,1,0,0,0,0,1,0,1,1,0,1,1,0,7,0,2,1,1,0,0,1,0,2,1,1,0,0,0,0,0,0,0,0,0,0,0,0,0,2,5,3,2,0,0,1,0,0,1,4,0,0,0,7,6,2,0,1,5,1,6,0,0,0,2,0,0,1,0,5,1,1,1,0,0,0,0,0,1,0,0,1,0,1,1,0,1,1,0,2,0,0,0,0,5,1,0,0,0,0,0,0,0,0,0,1,4,0,2,0,1,0,0,0,0,0,0,0,0,1,3,0,0,1,2,0,1,0,0,0,0,1,1,0,0,0,0,1,0,1,0,0,0,1,0,0,0,0,0,1,6,0,0,0,0,0,0,0,1,0,0,0,0,1,1,1,1,0,0,1,1,1,0,6,0,0,0,0,1,0,1
112.json,0,0,0,27,5692,88,0,112,12,1721293,16008,280,0,100230,70644,310,11,16,36,1,4,0,9,4,1,21,10,5,113,227,48,15,6,98,1,1,1,1,1,1,1,1,1,1,1,1,1,1,1,1,1,1,1,1,1,1,1,1,1,1,1,1,1,1,1,1,1,1,1,1,1,1,1,1,1,1,1,1,1,1,1,1,1,1,1,1,1,1,1,1,1,1,1,1,1,1,1,1,1,1,1,1,1,1,1,1,1,1,1,1,1,1,1,1,1,1,1,1,1,1,1,1,1,1,1,1,1,1,1,1,1,1,1,0,0,0,1,0,1,1,0,1,0,1,0,0,0,0,0,0,0,1,0,1,0,0,0,0,0,1,0,0,0,1,0,0,1,1,0,1,0,1,0,0,0,0,1,0,1,0,0,1,1,1,1,1,0,0,0,0,0,0,1,1,1,0,0,0,0,1,0,1,1,0,0,0,0,1,0,0,0,0,1,0,0,0,0,0,0,0,1,0,1,0,0,0,1,0,0,0,1,1,0,0,0,0,0,0,0,0,0,0,1,0,0,0,0,0,1,1,1,0,0,3,0,0,0,0,0,0,0,0,0,0,1,0,0,0,0,0,1,2,2,0,1,1,0,0,0,0,0,0,0,0,1,0,1,4,0,0,2,0,0,0,0,0,0,0,0,0,1,0,2,4,2,5,0,1,0,1,1,0,0,0,0,0,5,1,1,1,1,0,1,0,0,0,1,0,0,1,6,7,6,2,2,4,0,1,0,0,0,0,0,0,6,7,4,2,2,3,1,7,0,0,1,1,1,2,6,1,3,6,0,3,3,5,5,0,1,3,2,0,0,0,7,4,0,2,2,1,0,2,0,0,2,3,1,0,1,0,0,0,0,0,0,0,0,0,11,5,1,1,1,1,1,0,2,0,0,1,5,5,1,1,3,5,1,3,0,0,1,1,1,0,0,0,0,5,0,0,0,0,0,0,1,0,0,0,2,0,0,0,0,1,0,0,0,0,0,1,0,0,2,0,0,0,0,0,1,0,0,0,0,0,0,0,0,0,0,0,0,1
113.json,96,0,0,27,15396,3328,0,868,42,108388,85736,24,48,32490,41886,3772,13,19,39,2,2,0,8,4,6,22,21,6,94,84,6,17,6,109,1,1,1,1,1,1,1,1,1,1,1,1,1,1,1,1,1,1,1,1,1,1,1,1,1,1,1,1,1,1,1,1,1,1,1,1,1,1,1,1,1,1,1,1,1,1,1,1,1,1,1,1,1,1,1,1,1,1,1,1,1,1,1,1,1,1,1,1,1,1,1,1,1,1,1,1,1,1,1,1,1,1,1,1,1,1,1,1,1,1,1,1,1,1,1,1,1,1,0,0,0,0,0,0,1,1,0,1,0,1,0,0,1,1,1,0,0,1,0,1,1,0,0,1,0,1,0,0,0,0,0,0,1,1,0,1,0,1,0,0,0,1,1,0,0,1,0,0,1,1,0,0,0,0,0,0,0,0,1,1,1,0,0,0,0,1,0,1,1,0,1,0,0,1,1,1,0,0,1,1,0,0,0,0,0,0,0,0,0,1,0,0,0,1,0,0,0,0,1,0,0,1,0,0,0,0,0,2,0,0,1,0,1,0,0,1,1,1,1,1,3,0,0,0,0,0,0,0,0,0,1,0,0,0,0,0,2,2,1,0,0,0,0,6,0,0,0,0,0,1,0,5,6,5,3,0,2,0,3,0,0,0,0,3,6,1,0,0,1,2,1,6,0,2,0,3,0,0,0,0,0,0,2,0,0,0,0,0,0,0,0,0,0,0,0,1,5,6,5,5,1,0,4,1,2,1,5,0,0,0,5,6,5,0,3,1,1,6,0,0,4,2,0,0,4,0,1,1,2,4,0,0,1,0,5,4,0,2,2,0,2,2,0,3,4,0,1,0,0,4,2,1,4,0,0,0,1,0,1,0,4,0,1,5,0,7,0,0,0,0,0,0,6,4,1,0,3,7,1,0,2,6,1,1,0,0,0,1,1,0,0,0,3,6,0,0,0,4,0,0,1,0,0,0,1,1,2,8,0,2,2,2,0,2,2,2,3,0,2,1,0,0,2,0,2,0,2,0,0,0,0,0,0,2,0,0,0,1
114.json,0,0,108,9,720,200,0,1603,9021,715666,8376,464,16,2880,17310,4,13,19,29,4,3,0,11,1,3,26,11,6,83,99,18,17,6,110,1,1,1,1,1,1,1,1,1,1,1,1,1,1,1,1,1,1,1,1,1,1,1,1,1,1,1,1,1,1,1,1,1,1,1,1,1,1,1,1,1,1,1,1,1,1,1,1,1,1,1,1,1,1,1,1,1,1,1,1,1,1,1,1,1,1,1,1,1,1,1,1,1,1,1,1,1,1,1,1,1,1,1,1,1,1,1,1,1,1,1,1,1,1,1,1,0,1,0,0,0,0,0,0,0,1,0,1,0,1,0,0,0,0,0,0,0,0,0,0,1,0,0,0,0,1,0,1,0,1,1,0,1,1,0,1,0,1,0,0,0,0,0,0,0,0,1,1,0,0,0,0,0,0,0,0,0,0,1,1,1,0,0,0,0,1,0,1,1,0,0,1,0,1,1,0,0,0,0,0,0,0,0,0,0,1,1,0,0,0,0,0,1,0,0,1,0,0,0,1,0,0,0,0,0,0,6,0,6,1,6,0,0,0,0,0,1,0,0,1,0,0,1,1,0,0,0,1,0,0,1,0,0,0,0,0,0,4,0,1,3,0,0,1,0,0,0,1,0,1,1,0,1,1,0,0,1,0,1,0,0,1,1,1,0,0,0,0,1,1,3,4,0,1,0,0,1,1,0,0,0,0,1,1,0,2,1,2,1,0,0,0,3,2,2,0,2,5,3,2,0,0,0,1,1,0,0,0,0,0,5,7,3,2,2,10,0,2,1,0,3,2,2,2,6,0,2,1,0,3,4,1,1,1,0,3,0,0,1,3,1,5,1,1,1,0,1,2,0,0,2,1,2,0,2,0,1,0,1,0,0,0,0,0,2,4,2,0,0,1,2,0,0,0,0,0,2,4,0,0,3,3,1,1,0,0,0,3,0,0,0,0,0,0,1,1,0,0,1,0,1,0,0,0,0,0,0,0,0,0,0,0,0,0,0,0,0,1,0,0,0,1,1,1,2,0,1,2,0,1,1,1,0,2,0,1,0,1
115.json,0,0,90,54,27404,420,0,539,144,191023,13112,48,48,9780,155994,22,13,23,39,106,3,1342,686,674,777,29,15,2,258,607,16,19,6,125,1,1,1,1,1,1,1,1,1,1,1,1,1,1,1,1,1,1,1,1,1,1,1,1,1,1,1,1,1,1,1,1,1,1,1,1,1,1,1,1,1,1,1,1,1,1,1,1,1,1,1,1,1,1,1,1,1,1,1,1,1,1,1,1,1,1,1,1,1,1,1,1,1,1,1,1,1,1,1,1,1,1,1,1,1,1,1,1,1,1,1,1,1,1,1,1,1,0,0,1,0,0,0,0,0,1,0,0,1,0,0,0,0,0,0,0,0,0,0,0,1,0,0,0,0,1,0,0,0,0,0,0,1,0,1,1,0,0,0,0,0,0,0,0,1,1,0,1,1,1,1,0,1,1,0,0,1,0,1,1,1,0,0,0,1,1,0,1,1,0,0,0,0,1,1,0,0,0,0,0,1,1,1,1,0,1,0,1,0,0,1,0,0,1,0,1,1,0,0,0,1,1,0,0,0,0,2,0,2,1,2,0,0,1,1,0,1,0,0,1,1,0,1,0,2,0,0,0,0,0,1,0,0,0,1,0,0,4,0,0,1,0,0,0,2,0,1,0,2,0,0,0,0,2,0,1,5,1,1,0,0,0,0,1,0,1,1,0,1,2,3,4,0,2,0,0,0,0,2,0,2,1,0,1,1,2,1,0,1,0,1,1,1,0,0,0,4,5,3,3,1,0,2,0,1,1,3,5,0,0,7,9,6,0,2,5,0,5,0,0,3,2,0,0,3,1,5,0,2,3,1,1,9,1,1,0,0,4,1,2,6,2,0,5,1,1,2,0,0,0,2,5,7,0,0,1,1,1,1,1,0,1,1,3,2,5,1,2,0,0,0,1,3,2,0,1,3,5,0,1,3,5,2,1,0,0,0,0,2,0,0,0,1,2,0,0,5,0,0,1,1,0,0,1,0,0,1,5,0,1,0,1,0,1,1,1,0,1,2,0,0,1,0,0,1,0,1,0,0,0,0,0,0,1,0,0,0,1
116.json,0,0,0,0,1232,0,0,21,0,518,680,2212728,0,30,1626,0,7,16,16,0,0,0,2,1,0,25,8,0,40,7,0,14,6,31,1,1,1,1,1,1,1,1,1,1,1,1,1,1,1,1,1,1,1,1,1,1,1,1,1,1,1,1,1,1,1,1,1,1,1,1,1,1,1,1,1,1,1,1,1,1,1,1,1,1,1,1,1,1,1,1,1,1,1,1,1,1,1,1,1,1,1,1,1,1,1,1,1,1,1,1,1,1,1,1,1,1,1,1,1,1,1,1,1,1,1,1,1,1,1,1,0,1,0,0,0,0,0,0,0,1,1,0,0,0,0,0,1,0,0,0,0,0,0,0,0,0,0,0,0,1,0,0,0,0,0,0,0,0,0,0,0,0,0,0,0,0,0,0,0,1,0,0,0,0,0,1,0,0,0,0,0,0,1,1,1,0,0,0,0,1,0,1,1,0,1,0,0,0,1,0,0,0,1,0,0,0,0,0,0,0,0,0,0,0,0,0,0,0,0,0,0,0,0,0,0,0,0,0,0,0,0,0,0,0,0,0,0,0,0,0,0,0,0,0,1,0,0,0,0,0,0,0,0,0,0,0,1,0,0,0,0,1,0,0,11,0,0,0,0,1,0,0,0,0,0,0,0,0,0,0,0,0,1,0,0,0,0,0,0,0,0,0,0,1,0,1,0,1,0,0,0,0,0,0,0,0,0,0,0,0,0,0,0,0,0,0,0,0,0,0,0,4,2,0,0,0,0,0,1,0,0,0,0,0,2,2,2,0,0,0,0,0,0,0,0,1,0,0,1,0,0,0,1,0,0,0,0,0,0,2,0,0,1,0,0,0,0,4,0,0,0,0,0,0,0,0,0,0,0,0,0,0,0,0,0,0,1,3,0,3,0,0,0,0,0,0,0,0,0,0,3,1,0,0,1,1,0,0,0,0,0,0,0,0,1,0,0,0,0,0,4,0,0,0,0,0,0,0,0,0,0,0,0,0,0,0,0,0,0,1,0,0,0,0,0,0,0,0,0,0,0,0,0,0,0,0,0,0,0,0,0,1
117.json,0,0,2466,36,30956,228,0,700,111,196595,13760,16,64,8490,172830,6,13,23,34,205,3,1352,690,682,884,28,13,5,281,614,19,18,6,127,1,1,1,1,1,1,1,1,1,1,1,1,1,1,1,1,1,1,1,1,1,1,1,1,1,1,1,1,1,1,1,1,1,1,1,1,1,1,1,1,1,1,1,1,1,1,1,1,1,1,1,1,1,1,1,1,1,1,1,1,1,1,1,1,1,1,1,1,1,1,1,1,1,1,1,1,1,1,1,1,1,1,1,1,1,1,1,1,1,1,1,1,1,1,1,1,0,1,0,1,0,0,0,0,0,1,0,0,1,0,0,0,0,0,0,0,0,0,0,1,1,0,0,0,0,1,0,0,0,0,0,0,1,1,1,1,0,0,0,0,0,0,0,0,0,1,0,1,0,0,0,0,0,0,0,0,0,0,1,1,1,0,0,0,1,1,1,1,0,0,0,0,0,1,1,0,0,0,0,0,1,1,1,0,1,1,0,1,0,0,1,0,0,1,0,1,1,0,0,0,1,1,0,0,0,0,2,0,2,1,2,0,0,1,1,0,1,0,0,2,1,4,1,0,2,4,0,0,0,0,1,0,0,0,0,0,1,4,0,0,1,0,0,0,2,0,1,0,2,0,0,0,0,5,0,1,5,1,1,0,0,0,0,1,0,1,1,0,1,1,3,2,0,2,0,0,0,1,2,0,2,1,0,2,2,2,2,2,1,1,0,0,1,0,0,1,6,6,4,3,1,0,1,0,1,1,3,5,0,0,7,9,6,0,2,5,0,5,0,0,4,2,0,0,5,0,5,0,2,2,1,0,9,1,1,2,0,4,1,2,6,2,0,5,1,0,2,0,0,0,2,5,7,0,0,1,1,1,1,1,0,1,1,3,2,5,2,1,0,0,2,1,2,2,0,1,3,5,0,1,3,5,2,2,0,0,0,1,2,0,0,0,1,2,0,0,5,0,0,0,1,0,0,1,0,0,1,5,0,1,0,1,0,1,1,1,0,1,0,0,0,1,0,0,1,0,1,0,0,0,0,0,0,1,0,0,0,1
118.json,160,0,0,9,93608,20,0,0,0,371,104,2016,0,87045,1506,0,9,13,11,0,0,0,2,0,0,22,7,0,4,4,0,14,6,36,1,1,1,1,1,1,1,1,1,1,1,1,1,1,1,1,1,1,1,1,1,1,1,1,1,1,1,1,1,1,1,1,1,1,1,1,1,1,1,1,1,1,1,1,1,1,1,1,1,1,1,1,1,1,1,1,1,1,1,1,1,1,1,1,1,1,1,1,1,1,1,1,1,1,1,1,1,1,1,1,1,1,1,1,1,1,1,1,1,1,1,1,1,1,1,1,0,1,0,0,0,0,0,0,0,1,0,0,0,0,0,0,0,0,0,0,0,0,0,1,0,0,0,0,0,1,0,0,0,0,0,0,0,0,0,0,0,0,0,0,0,0,0,0,0,0,0,0,0,0,0,0,0,0,0,0,0,0,1,1,1,0,0,0,0,1,0,1,0,0,0,0,0,0,0,1,0,0,0,1,0,0,0,0,0,0,0,0,0,0,0,0,0,0,0,0,0,0,0,0,0,0,0,0,0,0,0,0,0,0,0,0,0,0,0,0,0,0,0,0,1,0,0,0,0,0,0,0,0,0,0,0,0,0,0,0,0,1,4,0,0,0,0,0,0,0,0,0,0,0,0,0,0,0,0,0,0,0,0,0,0,0,0,0,0,0,0,0,0,1,1,7,0,1,0,1,0,0,0,0,0,0,0,0,0,0,0,0,0,0,0,0,0,0,0,1,2,4,2,0,4,0,0,0,0,0,0,0,0,0,2,2,1,0,0,1,0,0,0,0,0,0,0,0,1,0,1,1,1,0,0,0,0,0,0,2,0,4,1,0,0,0,0,0,0,0,0,0,0,0,0,0,9,0,0,0,0,0,0,0,0,0,1,2,0,1,0,0,0,0,0,0,0,0,0,0,1,1,0,0,1,1,0,0,0,0,0,0,0,0,0,0,0,1,0,0,0,0,0,0,1,0,0,0,4,0,0,0,0,0,0,0,0,0,0,0,0,0,0,2,0,0,0,0,0,0,0,0,0,0,0,0,0,0,0,0,0,1
119.json,0,0,0,9,527088,16,0,0,0,959,32,0,0,30,732,4,8,16,11,0,0,0,2,1,0,23,8,0,2,1,0,14,6,24,1,1,1,1,1,1,1,1,1,1,1,1,1,1,1,1,1,1,1,1,1,1,1,1,1,1,1,1,1,1,1,1,1,1,1,1,1,1,1,1,1,1,1,1,1,1,1,1,1,1,1,1,1,1,1,1,1,1,1,1,1,1,1,1,1,1,1,1,1,1,1,1,1,1,1,1,1,1,1,1,1,1,1,1,1,1,1,1,1,1,1,1,1,1,1,1,0,1,0,0,0,0,0,0,0,1,0,0,0,0,0,0,0,0,0,0,0,0,0,0,0,0,0,0,0,1,0,0,0,0,0,0,1,1,0,0,0,0,0,0,0,0,0,0,0,0,0,0,0,0,0,0,0,0,0,0,0,0,1,1,1,0,0,0,0,1,0,1,1,0,0,0,0,0,0,0,0,0,0,0,0,0,0,0,0,0,0,0,0,0,0,0,0,0,0,0,0,0,0,0,0,0,0,0,0,0,0,0,0,0,0,0,0,0,1,0,0,0,0,0,0,0,0,0,0,0,0,0,0,0,0,0,0,0,0,0,0,0,0,0,0,0,0,0,0,0,0,0,0,0,0,0,0,10,0,0,1,0,0,0,0,0,0,0,0,0,0,0,0,0,0,1,0,0,1,0,0,0,0,0,0,0,0,0,0,0,0,0,0,0,0,0,0,0,0,0,0,4,2,0,0,0,1,0,0,0,0,0,0,0,2,1,1,0,0,0,0,0,0,0,0,0,0,0,3,0,0,0,1,0,0,0,0,0,0,2,0,0,1,0,0,0,0,1,0,0,0,0,0,0,0,3,0,0,0,0,0,0,0,0,0,0,0,0,0,1,0,0,0,0,0,0,0,0,0,0,1,1,0,0,1,0,0,0,0,0,0,1,0,0,0,0,0,1,0,0,0,0,0,0,1,0,0,0,0,0,0,0,0,0,0,0,0,0,0,0,0,0,0,0,0,0,0,0,0,0,0,0,0,0,0,0,0,0,0,0,0,1
12.json,0,0,0,9,72,0,0,0,0,399,416,48,0,75,1923636,0,7,50,19,0,0,0,5,3,1,90,215,1,1,10,0,40,19,40,1,1,1,1,1,1,1,1,1,1,1,1,1,1,1,1,1,1,1,1,1,1,1,1,1,1,1,1,1,1,1,1,1,1,1,1,1,1,1,1,1,1,1,1,1,1,1,1,1,1,1,1,1,1,1,1,1,1,1,1,1,1,1,1,1,1,1,1,1,1,1,1,1,1,1,1,1,1,1,1,1,1,1,1,1,1,1,1,1,1,1,1,1,1,1,1,1,0,0,0,0,0,0,0,0,1,1,0,0,0,0,0,0,0,0,0,1,0,0,0,0,0,0,0,0,1,0,0,0,0,0,0,1,0,0,0,0,0,0,0,0,0,0,0,1,0,0,1,1,1,1,0,0,1,0,0,0,0,1,1,1,1,0,0,0,1,0,1,0,0,1,0,0,0,0,0,0,0,0,0,0,0,0,0,0,0,0,0,0,0,0,0,0,0,0,0,0,0,0,0,0,0,0,0,0,0,0,0,0,0,0,0,0,0,0,0,1,0,0,0,0,0,0,0,0,0,0,0,0,0,0,0,0,0,0,0,0,0,0,0,0,1,0,0,0,0,0,0,0,0,0,0,0,0,0,0,0,0,0,0,0,0,0,0,0,0,0,0,1,1,0,1,0,0,0,0,0,0,0,0,0,0,0,0,0,0,0,0,0,0,0,0,0,0,0,0,2,2,1,1,1,0,0,0,0,0,0,0,0,0,2,3,1,1,1,0,0,0,0,0,1,0,1,2,2,1,0,0,2,2,1,0,1,0,0,1,0,0,1,0,1,2,0,1,1,1,0,0,0,0,1,1,1,0,0,0,0,0,0,0,11,0,0,0,1,0,0,0,0,0,0,0,0,0,0,0,1,0,0,0,0,0,0,0,0,0,0,0,0,0,0,0,0,0,0,0,0,0,0,0,1,0,0,0,1,0,0,0,0,0,0,0,0,0,0,0,0,0,1,0,0,0,0,0,0,0,0,0,0,0,0,0,0,0,0,0,0,1
120.json,0,0,0,9,527496,80,0,189,27,12544,3448,48,0,105,1568832,382,11,14,25,2,0,0,5,2,2,24,12,0,14,20,2,15,6,73,1,1,1,1,1,1,1,1,1,1,1,1,1,1,1,1,1,1,1,1,1,1,1,1,1,1,1,1,1,1,1,1,1,1,1,1,1,1,1,1,1,1,1,1,1,1,1,1,1,1,1,1,1,1,1,1,1,1,1,1,1,1,1,1,1,1,1,1,1,1,1,1,1,1,1,1,1,1,1,1,1,1,1,1,1,1,1,1,1,1,1,1,1,1,1,1,1,1,0,0,0,0,1,0,0,1,0,1,1,0,0,0,0,0,1,0,0,0,0,0,0,0,0,0,0,1,0,0,0,0,0,0,1,1,0,1,0,0,0,0,0,1,1,0,0,0,0,0,0,1,0,0,0,0,0,0,0,0,1,1,1,1,0,0,0,1,0,1,1,0,0,0,0,1,1,1,0,0,0,0,0,0,0,0,0,0,0,0,0,0,0,0,0,0,0,0,1,0,0,0,0,0,0,0,0,0,0,0,1,0,1,0,0,0,0,1,1,1,0,0,1,0,0,0,0,0,0,0,0,0,0,0,0,0,0,0,0,1,1,0,0,0,0,4,2,0,0,0,2,0,0,0,0,10,0,0,1,0,0,0,0,0,0,0,5,0,0,0,0,1,2,1,0,1,1,0,0,0,0,0,0,0,2,0,0,0,0,0,0,0,0,0,0,0,0,0,3,5,3,1,1,0,4,0,1,0,0,0,0,0,3,4,2,0,0,1,1,1,0,0,3,1,0,0,4,0,1,1,1,2,1,0,2,0,3,3,0,0,2,0,11,2,0,1,1,0,1,0,0,0,1,4,2,0,0,1,0,0,0,0,0,0,1,3,0,4,1,0,0,0,0,0,1,0,0,0,2,4,0,0,3,4,1,0,0,0,0,1,1,0,0,0,0,1,0,0,0,0,0,0,1,0,0,0,1,0,1,6,0,0,0,0,0,0,0,1,0,0,2,0,0,0,0,0,0,0,0,0,0,0,0,0,0,0,0,0,0,1
121.json,144,132,0,18,94000,33012,0,7735,45,64351,17392,72,96,17820,43170,10540,14,23,44,4,17,0,48,32,8,22,9,7,79,126,3,16,6,134,1,1,1,1,1,1,1,1,1,1,1,1,1,1,1,1,1,1,1,1,1,1,1,1,1,1,1,1,1,1,1,1,1,1,1,1,1,1,1,1,1,1,1,1,1,1,1,1,1,1,1,1,1,1,1,1,1,1,1,1,1,1,1,1,1,1,1,1,1,1,1,1,1,1,1,1,1,1,1,1,1,1,1,1,1,1,1,1,1,1,1,1,1,1,1,1,1,1,0,0,0,1,0,0,1,1,0,1,0,1,1,1,0,1,1,0,0,0,0,1,1,0,0,1,0,1,1,0,0,0,0,0,1,1,0,1,0,1,0,0,1,1,1,1,0,0,0,1,1,1,0,0,0,0,0,0,0,0,1,1,1,1,0,0,0,1,0,1,1,0,1,0,0,1,1,1,0,0,1,1,0,0,0,0,0,0,0,0,0,1,0,0,0,1,0,0,1,0,0,0,0,1,0,0,2,0,1,0,1,0,1,0,1,0,1,1,1,2,1,3,3,0,0,0,0,0,0,0,0,0,2,0,4,1,7,0,0,3,1,0,0,0,0,4,0,0,0,0,0,2,1,5,0,2,1,1,1,1,8,0,0,0,0,6,7,0,0,0,3,2,8,5,0,1,0,1,0,0,1,0,2,0,2,0,0,0,0,0,0,0,0,0,0,0,0,2,6,6,4,3,1,0,5,1,2,2,6,0,0,0,4,6,3,0,3,2,1,5,0,0,2,3,0,1,3,1,2,0,2,4,4,0,3,2,5,4,1,3,2,5,1,4,0,6,3,0,2,1,0,3,2,2,8,1,1,0,1,1,1,1,1,0,1,4,0,5,0,2,0,0,0,4,2,1,2,1,4,5,2,1,4,5,1,0,0,0,0,1,3,0,0,0,0,2,2,0,2,6,0,1,1,0,0,1,1,1,2,8,0,0,0,0,0,0,0,1,3,0,3,2,4,0,4,1,1,1,0,0,0,4,5,5,0,0,4,1,0,1
122.json,160,0,0,9,94904,20,0,0,0,371,104,1032,0,88275,1506,0,9,13,11,0,0,0,2,0,0,23,7,0,4,4,0,13,6,37,1,1,1,1,1,1,1,1,1,1,1,1,1,1,1,1,1,1,1,1,1,1,1,1,1,1,1,1,1,1,1,1,1,1,1,1,1,1,1,1,1,1,1,1,1,1,1,1,1,1,1,1,1,1,1,1,1,1,1,1,1,1,1,1,1,1,1,1,1,1,1,1,1,1,1,1,1,1,1,1,1,1,1,1,1,1,1,1,1,1,1,1,1,1,1,1,0,1,0,0,0,0,0,0,0,0,0,0,0,0,0,0,0,0,0,0,0,0,0,1,0,0,0,0,0,1,0,0,0,0,0,0,0,0,0,0,0,0,0,0,0,0,0,0,0,0,0,0,0,0,0,0,0,0,0,0,0,0,1,1,1,1,0,0,0,1,0,1,0,0,0,0,0,0,0,1,0,0,0,1,0,0,0,0,0,0,0,0,0,0,0,0,0,0,0,0,0,0,0,0,0,0,0,0,0,0,0,0,0,0,0,0,0,0,0,0,0,0,0,0,1,0,0,0,0,0,0,0,0,0,0,0,0,0,0,0,0,1,3,0,0,0,0,0,0,0,0,0,0,0,0,0,0,0,0,0,0,0,0,0,0,0,0,0,0,0,0,0,0,1,1,7,0,1,0,1,0,0,0,0,0,0,0,0,0,0,0,0,0,0,0,0,0,0,0,1,2,4,2,0,3,0,0,0,0,0,0,0,0,0,2,2,1,0,0,1,0,1,0,0,0,0,0,0,1,0,1,1,1,0,0,0,0,0,0,2,0,4,1,0,0,0,0,0,0,0,0,0,0,0,0,0,9,0,0,0,0,0,0,0,0,0,1,2,0,1,0,0,0,0,0,0,0,0,0,0,1,1,0,0,1,1,0,0,0,0,0,0,0,0,0,0,0,1,0,0,0,0,0,0,1,0,0,0,3,0,0,0,0,0,0,0,0,0,0,0,0,0,0,2,0,0,0,0,0,0,0,0,0,0,0,0,0,0,0,0,0,1
123.json,304032,0,0,0,40,204,0,0,3,343,120,144,0,15,571368,38048,10,18,9,0,0,0,0,0,0,19,0,0,2,5,0,5,11,33,1,1,1,1,1,1,1,1,1,1,1,1,1,1,1,1,1,1,1,1,1,1,1,1,1,1,1,1,1,1,1,1,1,1,1,1,1,1,1,1,1,1,1,1,1,1,1,1,1,1,1,1,1,1,1,1,1,1,1,1,1,1,1,1,1,1,1,1,1,1,1,1,1,1,1,1,1,1,1,1,1,1,1,1,1,1,1,1,1,1,1,1,1,1,1,1,1,1,0,0,0,0,0,0,0,0,0,0,0,0,0,0,0,0,0,0,0,0,0,0,0,0,0,0,0,1,0,0,0,0,0,0,0,0,0,0,0,0,0,0,0,0,1,0,0,0,0,0,0,0,0,0,0,0,0,0,0,0,0,0,0,1,0,0,0,1,0,1,0,0,0,0,0,0,0,0,0,1,0,1,0,0,0,0,0,0,0,0,0,0,0,0,0,0,0,0,0,0,0,0,0,0,0,0,0,0,0,0,0,0,0,0,0,0,1,0,1,0,0,0,0,0,0,0,0,0,0,0,0,0,0,0,0,0,1,0,0,1,0,0,2,0,0,0,0,0,0,0,0,0,0,0,0,1,0,0,0,0,0,0,0,1,1,0,0,0,0,0,0,1,3,0,0,1,0,0,0,0,0,0,0,0,0,0,0,0,0,0,0,0,0,0,0,0,0,0,1,8,8,8,2,8,0,0,0,0,0,0,0,0,3,2,0,0,0,0,0,1,0,0,0,0,0,0,1,0,0,0,0,2,0,0,0,0,0,1,0,1,0,0,0,1,0,0,0,0,0,0,0,0,0,1,0,1,0,1,0,0,0,0,0,0,0,0,0,0,0,0,0,0,0,0,0,0,0,0,1,0,0,0,0,0,0,0,0,0,0,0,0,0,1,0,0,9,0,0,0,0,0,0,0,1,0,0,0,0,0,0,0,0,0,0,0,0,0,0,0,0,0,8,0,0,0,0,0,0,0,0,0,0,0,0,0,0,0,0,0,1
124.json,0,0,0,0,54248,8,0,0,108,1561,25992,32,0,1545,2442,2,9,20,21,7,3,0,29,17,5,22,2,3,279,2222,0,8,11,76,1,1,1,1,1,1,1,1,1,1,1,1,1,1,1,1,1,1,1,1,1,1,1,1,1,1,1,1,1,1,1,1,1,1,1,1,1,1,1,1,1,1,1,1,1,1,1,1,1,1,1,1,1,1,1,1,1,1,1,1,1,1,1,1,1,1,1,1,1,1,1,1,1,1,1,1,1,1,1,1,1,1,1,1,1,1,1,1,1,1,1,1,1,1,1,1,1,1,0,0,0,0,0,0,0,1,0,1,0,0,0,0,0,0,0,0,0,0,0,0,0,0,0,0,0,1,0,0,0,0,0,0,1,0,0,1,0,0,0,0,0,0,0,0,1,0,0,1,1,1,1,0,0,0,0,0,0,0,1,1,1,1,0,0,0,1,0,1,0,0,1,0,0,0,0,1,0,0,0,0,0,0,0,0,0,0,0,0,0,0,0,0,0,0,0,0,0,0,0,0,0,0,1,0,0,0,1,0,2,0,2,0,0,0,1,2,1,0,0,0,1,0,0,0,0,0,0,0,0,0,1,0,0,0,0,0,0,2,0,0,1,0,0,0,0,0,0,0,0,0,0,0,1,3,0,2,1,2,0,0,0,0,0,0,0,1,0,0,1,1,0,4,0,2,1,0,0,0,1,0,2,0,1,0,0,0,0,0,0,0,0,0,0,0,0,0,2,3,3,1,1,0,1,0,0,0,0,0,0,0,3,5,3,0,1,2,0,1,0,0,0,1,0,0,3,1,2,1,2,3,1,0,2,1,0,1,1,8,2,0,1,2,0,4,1,1,0,0,0,0,1,2,2,0,0,1,0,0,0,0,0,0,1,2,1,5,0,0,0,0,0,0,0,4,0,0,1,5,0,0,1,7,0,0,1,0,0,0,1,0,0,0,0,2,1,0,2,1,1,0,0,0,0,0,0,0,0,0,0,0,0,0,0,0,0,0,0,0,1,0,0,0,0,0,0,0,0,0,0,0,0,0,0,0,0,0,0,1
125.json,16,0,84,27,5328,56,0,588,162,63630,39976,88,48,4500,18138,10,14,14,29,11,7,0,45,20,5,23,7,5,409,2525,12,14,6,123,1,1,1,1,1,1,1,1,1,1,1,1,1,1,1,1,1,1,1,1,1,1,1,1,1,1,1,1,1,1,1,1,1,1,1,1,1,1,1,1,1,1,1,1,1,1,1,1,1,1,1,1,1,1,1,1,1,1,1,1,1,1,1,1,1,1,1,1,1,1,1,1,1,1,1,1,1,1,1,1,1,1,1,1,1,1,1,1,1,1,1,1,1,1,1,1,1,1,0,0,0,0,1,0,1,1,0,1,1,1,0,0,0,0,0,0,0,0,0,1,0,0,0,0,0,1,0,0,0,0,0,0,1,1,0,1,1,0,0,0,0,0,0,0,1,0,0,1,1,1,0,0,0,0,0,0,0,0,1,1,1,1,0,0,0,1,0,1,0,0,1,0,0,0,1,0,0,0,0,1,0,0,0,0,0,0,0,0,0,0,0,0,0,1,0,0,0,0,0,0,0,0,1,0,0,0,1,0,3,1,2,0,0,1,1,2,1,0,0,2,1,1,1,1,0,0,1,1,0,0,2,0,0,0,0,0,0,3,1,0,1,0,0,0,2,1,0,0,2,0,1,0,2,3,1,2,2,2,2,0,0,0,0,0,0,1,0,0,1,4,0,4,0,2,1,1,0,0,2,0,2,1,5,0,0,0,0,0,0,0,0,0,0,0,0,1,5,6,4,2,1,0,1,0,1,1,2,0,0,0,7,6,4,0,2,3,0,4,0,0,5,2,0,0,4,1,3,0,2,3,0,1,4,2,1,3,2,4,2,1,4,2,5,4,2,1,0,0,0,1,1,2,3,0,0,1,1,1,1,1,0,0,0,0,7,5,1,3,0,0,0,0,3,4,0,1,2,6,0,1,4,7,2,0,1,1,1,0,1,0,0,0,0,4,1,0,3,1,1,0,1,0,0,0,1,0,0,0,0,1,1,0,0,0,2,1,0,0,1,1,0,0,2,0,1,0,0,1,0,0,0,0,0,2,1,0,0,1
126.json,96,0,2472,36,29668,244,0,791,111,197673,14832,16,96,8820,177372,6,14,25,39,197,3,1290,659,651,845,33,18,5,282,623,19,23,6,137,1,1,1,1,1,1,1,1,1,1,1,1,1,1,1,1,1,1,1,1,1,1,1,1,1,1,1,1,1,1,1,1,1,1,1,1,1,1,1,1,1,1,1,1,1,1,1,1,1,1,1,1,1,1,1,1,1,1,1,1,1,1,1,1,1,1,1,1,1,1,1,1,1,1,1,1,1,1,1,1,1,1,1,1,1,1,1,1,1,1,1,1,1,1,1,1,0,1,0,1,0,0,0,0,0,1,0,0,1,0,0,0,0,0,0,0,0,0,0,1,1,0,0,1,0,1,0,0,0,0,0,0,1,1,1,1,0,0,0,0,0,0,0,0,0,1,0,1,0,0,0,0,0,0,0,0,1,0,1,1,1,0,0,0,1,1,1,1,0,0,0,0,1,1,1,0,0,0,0,1,1,1,1,1,1,1,0,1,0,0,1,0,0,1,0,1,1,0,0,0,1,1,0,0,0,0,2,0,2,1,2,0,0,1,1,0,1,0,1,2,1,4,1,0,2,4,0,0,0,0,1,0,0,0,0,0,1,4,0,0,1,0,0,0,2,0,1,0,2,0,0,0,0,5,0,1,5,1,1,0,0,0,0,1,0,1,1,0,2,1,3,2,0,2,0,0,0,1,2,0,2,1,0,2,2,2,2,2,1,0,1,1,2,0,0,1,6,6,4,3,1,0,1,0,1,1,3,5,0,0,7,9,6,0,2,5,0,5,0,0,4,2,1,2,4,0,5,1,2,3,1,0,9,1,1,2,0,4,1,2,6,3,0,5,1,0,2,0,0,0,2,5,7,0,0,1,1,1,1,1,0,1,1,3,2,5,2,2,0,0,2,1,2,2,0,1,3,5,1,1,3,5,2,2,0,0,0,1,2,0,0,0,1,2,0,0,5,0,0,1,1,0,0,1,0,0,1,5,0,1,0,1,0,1,1,1,0,1,0,1,0,1,1,0,1,0,1,0,0,0,0,0,0,1,1,0,0,1
127.json,0,0,2472,36,20448,240,0,770,111,203056,14096,16,48,8505,178086,6,13,29,37,129,3,878,453,445,571,35,25,5,282,615,19,25,6,130,1,1,1,1,1,1,1,1,1,1,1,1,1,1,1,1,1,1,1,1,1,1,1,1,1,1,1,1,1,1,1,1,1,1,1,1,1,1,1,1,1,1,1,1,1,1,1,1,1,1,1,1,1,1,1,1,1,1,1,1,1,1,1,1,1,1,1,1,1,1,1,1,1,1,1,1,1,1,1,1,1,1,1,1,1,1,1,1,1,1,1,1,1,1,1,1,0,1,0,1,0,0,0,0,0,1,0,0,1,0,0,0,0,0,0,0,0,0,0,1,1,0,0,0,0,1,0,0,0,0,0,0,1,1,1,1,0,0,0,0,0,0,0,0,0,1,0,1,0,0,0,0,0,0,0,0,1,0,1,1,1,0,0,0,1,1,1,1,0,0,0,0,1,1,1,0,0,0,0,0,1,1,1,1,1,1,0,1,0,0,1,0,0,1,0,1,1,0,0,0,1,1,0,0,0,0,2,0,2,1,2,0,0,1,1,0,1,0,0,2,1,4,1,0,2,4,0,0,0,0,1,0,0,0,0,0,1,3,0,0,1,0,0,0,2,0,1,0,2,0,0,0,0,5,0,1,5,1,1,0,0,0,0,1,0,1,1,0,1,1,3,2,0,2,0,0,0,1,2,0,2,1,0,2,2,2,2,2,1,0,1,1,2,0,0,1,6,6,4,3,1,0,1,0,1,1,3,5,0,0,7,9,5,0,2,5,0,5,0,0,4,2,0,0,5,0,5,1,2,2,1,0,9,1,1,2,0,4,1,2,6,2,0,5,1,0,2,0,0,0,2,5,6,0,0,1,1,1,1,1,0,1,1,3,2,5,2,2,0,0,2,1,2,2,0,1,3,5,0,1,3,5,2,2,0,0,0,1,2,0,0,0,1,2,0,0,5,0,0,1,1,0,0,1,0,0,1,5,0,1,0,1,0,1,1,1,0,1,0,0,0,1,0,0,1,0,1,0,0,0,0,0,0,1,0,0,0,1
